indicator,year,value,ci_low,ci_high,prev_value,prev_year,years_elapsed,change,annualized_change
"Adolescent birth rate, ages 10-14 (per 1000 women)",2001,8.109374046,,,,,,,
"Adolescent birth rate, ages 10-14 (per 1000 women)",2002,2.664604664,,,8.109374046,2001.0,1.0,-5.444769381999999,-5.444769381999999
"Adolescent birth rate, ages 10-14 (per 1000 women)",2004,3.530811071,,,2.664604664,2002.0,2.0,0.866206407,0.4331032035
"Adolescent birth rate, ages 10-14 (per 1000 women)",2006,2.757096529,,,3.530811071,2004.0,2.0,-0.773714542,-0.386857271
"Adolescent birth rate, ages 10-14 (per 1000 women)",2007,2.350325823,,,2.757096529,2006.0,1.0,-0.4067707060000001,-0.4067707060000001
"Adolescent birth rate, ages 10-14 (per 1000 women)",2010,3.560096741,,,2.350325823,2007.0,3.0,1.2097709180000003,0.40325697266666677
"Adolescent birth rate, ages 10-14 (per 1000 women)",2012,2.067003012,,,3.560096741,2010.0,2.0,-1.4930937290000004,-0.7465468645000002
"Adolescent birth rate, ages 10-14 (per 1000 women)",2013,3.444386244,,,2.067003012,2012.0,1.0,1.3773832320000001,1.3773832320000001
"Adolescent birth rate, ages 10-14 (per 1000 women)",2014,2.029648542,,,3.444386244,2013.0,1.0,-1.414737702,-1.414737702
"Adolescent birth rate, ages 10-14 (per 1000 women)",2018,1.343888998,,,2.029648542,2014.0,4.0,-0.6857595439999999,-0.17143988599999999
"Adolescent birth rate, ages 10-14 (per 1000 women)",2019,0.794924974,,,1.343888998,2018.0,1.0,-0.548964024,-0.548964024
"Adolescent birth rate, ages 10-14 (per 1000 women)",2020,0.653870225,,,0.794924974,2019.0,1.0,-0.14105474899999992,-0.14105474899999992
"Adolescent birth rate, ages 10-14 (per 1000 women)",2021,0.966705382,,,0.653870225,2020.0,1.0,0.312835157,0.312835157
"Adolescent birth rate, ages 10-14 (per 1000 women)",2022,0.727698267,,,0.966705382,2021.0,1.0,-0.23900711500000005,-0.23900711500000005
"Adolescent birth rate, ages 10-14 (per 1000 women)",2023,0.618875146,,,0.727698267,2022.0,1.0,-0.10882312099999991,-0.10882312099999991
"Adolescent birth rate, ages 15-19 (per 1000 women)",2001,135.65271,,,,,,,
"Adolescent birth rate, ages 15-19 (per 1000 women)",2002,114.1830902,,,135.65271,2001.0,1.0,-21.469619800000018,-21.469619800000018
"Adolescent birth rate, ages 15-19 (per 1000 women)",2004,120.4895096,,,114.1830902,2002.0,2.0,6.30641940000001,3.153209700000005
"Adolescent birth rate, ages 15-19 (per 1000 women)",2006,106.3125916,,,120.4895096,2004.0,2.0,-14.176918,-7.088459
"Adolescent birth rate, ages 15-19 (per 1000 women)",2007,102.9641037,,,106.3125916,2006.0,1.0,-3.348487900000009,-3.348487900000009
"Adolescent birth rate, ages 15-19 (per 1000 women)",2010,110.7751465,,,102.9641037,2007.0,3.0,7.81104280000001,2.6036809333333366
"Adolescent birth rate, ages 15-19 (per 1000 women)",2012,100.734108,,,110.7751465,2010.0,2.0,-10.041038499999999,-5.0205192499999995
"Adolescent birth rate, ages 15-19 (per 1000 women)",2013,98.61638641,,,100.734108,2012.0,1.0,-2.117721590000002,-2.117721590000002
"Adolescent birth rate, ages 15-19 (per 1000 women)",2014,95.67424011,,,98.61638641,2013.0,1.0,-2.9421463000000045,-2.9421463000000045
"Adolescent birth rate, ages 15-19 (per 1000 women)",2018,75.18759918,,,95.67424011,2014.0,4.0,-20.486640929999993,-5.121660232499998
"Adolescent birth rate, ages 15-19 (per 1000 women)",2019,51.00730133,,,75.18759918,2018.0,1.0,-24.18029785000001,-24.18029785000001
"Adolescent birth rate, ages 15-19 (per 1000 women)",2020,43.58792877,,,51.00730133,2019.0,1.0,-7.419372559999999,-7.419372559999999
"Adolescent birth rate, ages 15-19 (per 1000 women)",2021,51.33354568,,,43.58792877,2020.0,1.0,7.7456169100000025,7.7456169100000025
"Adolescent birth rate, ages 15-19 (per 1000 women)",2022,46.09251022,,,51.33354568,2021.0,1.0,-5.241035459999999,-5.241035459999999
"Adolescent birth rate, ages 15-19 (per 1000 women)",2023,45.80979156,,,46.09251022,2022.0,1.0,-0.28271866000000045,-0.28271866000000045
Antenatal care coverage - at least four visits (%),1993,63.9,,,,,,,
Antenatal care coverage - at least four visits (%),1998,60.8,,,63.9,1993.0,5.0,-3.1000000000000014,-0.6200000000000003
Antenatal care coverage - at least four visits (%),2003,52.3,,,60.8,1998.0,5.0,-8.5,-1.7
Antenatal care coverage - at least four visits (%),2009,47.1,,,52.3,2003.0,6.0,-5.199999999999996,-0.8666666666666659
Antenatal care coverage - at least four visits (%),2014,57.6,,,47.1,2009.0,5.0,10.5,2.1
Antenatal care coverage - at least four visits (%),2015,62.5,,,57.6,2014.0,1.0,4.899999999999999,4.899999999999999
Antenatal care coverage - at least four visits (%),2022,66.0,,,62.5,2015.0,7.0,3.5,0.5
Births attended by skilled health personnel (%),2000,43.0,,,,,,,
Births attended by skilled health personnel (%),2003,42.0,,,43.0,2000.0,3.0,-1.0,-0.3333333333333333
Births attended by skilled health personnel (%),2009,44.0,,,42.0,2003.0,6.0,2.0,0.3333333333333333
Births attended by skilled health personnel (%),2014,62.0,,,44.0,2009.0,5.0,18.0,3.6
Births attended by skilled health personnel (%),2016,70.2,,,62.0,2014.0,2.0,8.200000000000003,4.100000000000001
Births attended by skilled health personnel (%),2022,89.3,,,70.2,2016.0,6.0,19.099999999999994,3.1833333333333322
Births by caesarean section (%),2009,8.7,,,,,,,
Number of women of reproductive age (aged 15-49 years) with anaemia (thousands) - non-pregnant/all women (combined),2000,1239.85,,,,,,,
Number of women of reproductive age (aged 15-49 years) with anaemia (thousands) - non-pregnant/all women (combined),2001,1257.9,,,1239.85,2000.0,1.0,18.050000000000182,18.050000000000182
Number of women of reproductive age (aged 15-49 years) with anaemia (thousands) - non-pregnant/all women (combined),2002,1277.3000000000002,,,1257.9,2001.0,1.0,19.40000000000009,19.40000000000009
Number of women of reproductive age (aged 15-49 years) with anaemia (thousands) - non-pregnant/all women (combined),2003,1294.7,,,1277.3000000000002,2002.0,1.0,17.399999999999864,17.399999999999864
Number of women of reproductive age (aged 15-49 years) with anaemia (thousands) - non-pregnant/all women (combined),2004,1311.3,,,1294.7,2003.0,1.0,16.59999999999991,16.59999999999991
Number of women of reproductive age (aged 15-49 years) with anaemia (thousands) - non-pregnant/all women (combined),2005,1326.3999999999999,,,1311.3,2004.0,1.0,15.099999999999909,15.099999999999909
Number of women of reproductive age (aged 15-49 years) with anaemia (thousands) - non-pregnant/all women (combined),2006,1339.7,,,1326.3999999999999,2005.0,1.0,13.300000000000182,13.300000000000182
Number of women of reproductive age (aged 15-49 years) with anaemia (thousands) - non-pregnant/all women (combined),2007,1352.1499999999999,,,1339.7,2006.0,1.0,12.449999999999818,12.449999999999818
Number of women of reproductive age (aged 15-49 years) with anaemia (thousands) - non-pregnant/all women (combined),2008,1365.8500000000001,,,1352.1499999999999,2007.0,1.0,13.700000000000273,13.700000000000273
Number of women of reproductive age (aged 15-49 years) with anaemia (thousands) - non-pregnant/all women (combined),2009,1384.05,,,1365.8500000000001,2008.0,1.0,18.199999999999818,18.199999999999818
Number of women of reproductive age (aged 15-49 years) with anaemia (thousands) - non-pregnant/all women (combined),2010,1406.35,,,1384.05,2009.0,1.0,22.299999999999955,22.299999999999955
Number of women of reproductive age (aged 15-49 years) with anaemia (thousands) - non-pregnant/all women (combined),2011,1434.6,,,1406.35,2010.0,1.0,28.25,28.25
Number of women of reproductive age (aged 15-49 years) with anaemia (thousands) - non-pregnant/all women (combined),2012,1471.5500000000002,,,1434.6,2011.0,1.0,36.95000000000027,36.95000000000027
Number of women of reproductive age (aged 15-49 years) with anaemia (thousands) - non-pregnant/all women (combined),2013,1517.3500000000001,,,1471.5500000000002,2012.0,1.0,45.799999999999955,45.799999999999955
Number of women of reproductive age (aged 15-49 years) with anaemia (thousands) - non-pregnant/all women (combined),2014,1568.5,,,1517.3500000000001,2013.0,1.0,51.149999999999864,51.149999999999864
Number of women of reproductive age (aged 15-49 years) with anaemia (thousands) - non-pregnant/all women (combined),2015,1623.2,,,1568.5,2014.0,1.0,54.700000000000045,54.700000000000045
Number of women of reproductive age (aged 15-49 years) with anaemia (thousands) - non-pregnant/all women (combined),2016,1687.0,,,1623.2,2015.0,1.0,63.799999999999955,63.799999999999955
Number of women of reproductive age (aged 15-49 years) with anaemia (thousands) - non-pregnant/all women (combined),2017,1756.3000000000002,,,1687.0,2016.0,1.0,69.30000000000018,69.30000000000018
Number of women of reproductive age (aged 15-49 years) with anaemia (thousands) - non-pregnant/all women (combined),2018,1826.8999999999999,,,1756.3000000000002,2017.0,1.0,70.59999999999968,70.59999999999968
Number of women of reproductive age (aged 15-49 years) with anaemia (thousands) - non-pregnant/all women (combined),2019,1900.55,,,1826.8999999999999,2018.0,1.0,73.65000000000009,73.65000000000009
Number of women of reproductive age (aged 15-49 years) with anaemia (thousands) - non-pregnant/all women (combined),2020,1988.3,,,1900.55,2019.0,1.0,87.75,87.75
Number of women of reproductive age (aged 15-49 years) with anaemia (thousands) - non-pregnant/all women (combined),2021,2088.0,,,1988.3,2020.0,1.0,99.70000000000005,99.70000000000005
Number of women of reproductive age (aged 15-49 years) with anaemia (thousands) - non-pregnant/all women (combined),2022,2204.45,,,2088.0,2021.0,1.0,116.44999999999982,116.44999999999982
Number of women of reproductive age (aged 15-49 years) with anaemia (thousands) - non-pregnant/all women (combined),2023,2335.8,,,2204.45,2022.0,1.0,131.35000000000036,131.35000000000036
Number of women of reproductive age (aged 15-49 years) with anaemia (thousands) - pregnant women,2000,2479.7,1650.2,3407.3,,,,,
Number of women of reproductive age (aged 15-49 years) with anaemia (thousands) - pregnant women,2001,2515.9,1666.0,3482.8,2479.7,2000.0,1.0,36.20000000000027,36.20000000000027
Number of women of reproductive age (aged 15-49 years) with anaemia (thousands) - pregnant women,2002,2554.6,1687.1,3594.1,2515.9,2001.0,1.0,38.69999999999982,38.69999999999982
Number of women of reproductive age (aged 15-49 years) with anaemia (thousands) - pregnant women,2003,2589.4,1679.7,3725.8,2554.6,2002.0,1.0,34.80000000000018,34.80000000000018
Number of women of reproductive age (aged 15-49 years) with anaemia (thousands) - pregnant women,2004,2622.6,1656.8,3849.1,2589.4,2003.0,1.0,33.19999999999982,33.19999999999982
Number of women of reproductive age (aged 15-49 years) with anaemia (thousands) - pregnant women,2005,2652.8,1635.3,3970.8,2622.6,2004.0,1.0,30.200000000000273,30.200000000000273
Number of women of reproductive age (aged 15-49 years) with anaemia (thousands) - pregnant women,2006,2679.4,1602.5,4063.7,2652.8,2005.0,1.0,26.59999999999991,26.59999999999991
Number of women of reproductive age (aged 15-49 years) with anaemia (thousands) - pregnant women,2007,2704.2,1554.7,4175.0,2679.4,2006.0,1.0,24.799999999999727,24.799999999999727
Number of women of reproductive age (aged 15-49 years) with anaemia (thousands) - pregnant women,2008,2731.7,1548.6,4301.4,2704.2,2007.0,1.0,27.5,27.5
Number of women of reproductive age (aged 15-49 years) with anaemia (thousands) - pregnant women,2009,2768.0,1522.5,4404.2,2731.7,2008.0,1.0,36.30000000000018,36.30000000000018
Number of women of reproductive age (aged 15-49 years) with anaemia (thousands) - pregnant women,2010,2812.7,1525.8,4492.5,2768.0,2009.0,1.0,44.69999999999982,44.69999999999982
Number of women of reproductive age (aged 15-49 years) with anaemia (thousands) - pregnant women,2011,2869.2,1544.3,4589.0,2812.7,2010.0,1.0,56.5,56.5
Number of women of reproductive age (aged 15-49 years) with anaemia (thousands) - pregnant women,2012,2943.1,1570.4,4708.4,2869.2,2011.0,1.0,73.90000000000009,73.90000000000009
Number of women of reproductive age (aged 15-49 years) with anaemia (thousands) - pregnant women,2013,3034.7,1614.9,4892.2,2943.1,2012.0,1.0,91.59999999999991,91.59999999999991
Number of women of reproductive age (aged 15-49 years) with anaemia (thousands) - pregnant women,2014,3136.9,1676.0,5054.4,3034.7,2013.0,1.0,102.20000000000027,102.20000000000027
Number of women of reproductive age (aged 15-49 years) with anaemia (thousands) - pregnant women,2015,3246.4,1743.3,5245.4,3136.9,2014.0,1.0,109.5,109.5
Number of women of reproductive age (aged 15-49 years) with anaemia (thousands) - pregnant women,2016,3374.0,1789.6,5483.8,3246.4,2015.0,1.0,127.59999999999991,127.59999999999991
Number of women of reproductive age (aged 15-49 years) with anaemia (thousands) - pregnant women,2017,3512.6,1835.0,5716.2,3374.0,2016.0,1.0,138.5999999999999,138.5999999999999
Number of women of reproductive age (aged 15-49 years) with anaemia (thousands) - pregnant women,2018,3653.8,1889.7,5956.5,3512.6,2017.0,1.0,141.20000000000027,141.20000000000027
Number of women of reproductive age (aged 15-49 years) with anaemia (thousands) - pregnant women,2019,3801.0,1907.0,6238.9,3653.8,2018.0,1.0,147.19999999999982,147.19999999999982
Number of women of reproductive age (aged 15-49 years) with anaemia (thousands) - pregnant women,2020,3976.6,1975.1,6575.1,3801.0,2019.0,1.0,175.5999999999999,175.5999999999999
Number of women of reproductive age (aged 15-49 years) with anaemia (thousands) - pregnant women,2021,4175.9,1980.6,6926.2,3976.6,2020.0,1.0,199.29999999999973,199.29999999999973
Number of women of reproductive age (aged 15-49 years) with anaemia (thousands) - pregnant women,2022,4408.9,1997.1,7412.1,4175.9,2021.0,1.0,233.0,233.0
Number of women of reproductive age (aged 15-49 years) with anaemia (thousands) - pregnant women,2023,4671.6,2018.5,7969.0,4408.9,2022.0,1.0,262.7000000000007,262.7000000000007
Prevalence of anaemia in women of reproductive age (aged 15-49) (%) - non-pregnant/all women (combined),2000,33.7,,,,,,,
Prevalence of anaemia in women of reproductive age (aged 15-49) (%) - non-pregnant/all women (combined),2001,32.8,,,33.7,2000.0,1.0,-0.9000000000000057,-0.9000000000000057
Prevalence of anaemia in women of reproductive age (aged 15-49) (%) - non-pregnant/all women (combined),2002,32.0,,,32.8,2001.0,1.0,-0.7999999999999972,-0.7999999999999972
Prevalence of anaemia in women of reproductive age (aged 15-49) (%) - non-pregnant/all women (combined),2003,31.2,,,32.0,2002.0,1.0,-0.8000000000000007,-0.8000000000000007
Prevalence of anaemia in women of reproductive age (aged 15-49) (%) - non-pregnant/all women (combined),2004,30.450000000000003,,,31.2,2003.0,1.0,-0.7499999999999964,-0.7499999999999964
Prevalence of anaemia in women of reproductive age (aged 15-49) (%) - non-pregnant/all women (combined),2005,29.7,,,30.450000000000003,2004.0,1.0,-0.7500000000000036,-0.7500000000000036
Prevalence of anaemia in women of reproductive age (aged 15-49) (%) - non-pregnant/all women (combined),2006,28.950000000000003,,,29.7,2005.0,1.0,-0.7499999999999964,-0.7499999999999964
Prevalence of anaemia in women of reproductive age (aged 15-49) (%) - non-pregnant/all women (combined),2007,28.35,,,28.950000000000003,2006.0,1.0,-0.6000000000000014,-0.6000000000000014
Prevalence of anaemia in women of reproductive age (aged 15-49) (%) - non-pregnant/all women (combined),2008,27.700000000000003,,,28.35,2007.0,1.0,-0.6499999999999986,-0.6499999999999986
Prevalence of anaemia in women of reproductive age (aged 15-49) (%) - non-pregnant/all women (combined),2009,27.200000000000003,,,27.700000000000003,2008.0,1.0,-0.5,-0.5
Prevalence of anaemia in women of reproductive age (aged 15-49) (%) - non-pregnant/all women (combined),2010,26.9,,,27.200000000000003,2009.0,1.0,-0.30000000000000426,-0.30000000000000426
Prevalence of anaemia in women of reproductive age (aged 15-49) (%) - non-pregnant/all women (combined),2011,26.65,,,26.9,2010.0,1.0,-0.25,-0.25
Prevalence of anaemia in women of reproductive age (aged 15-49) (%) - non-pregnant/all women (combined),2012,26.65,,,26.65,2011.0,1.0,0.0,0.0
Prevalence of anaemia in women of reproductive age (aged 15-49) (%) - non-pregnant/all women (combined),2013,26.8,,,26.65,2012.0,1.0,0.15000000000000213,0.15000000000000213
Prevalence of anaemia in women of reproductive age (aged 15-49) (%) - non-pregnant/all women (combined),2014,27.05,,,26.8,2013.0,1.0,0.25,0.25
Prevalence of anaemia in women of reproductive age (aged 15-49) (%) - non-pregnant/all women (combined),2015,27.35,,,27.05,2014.0,1.0,0.3000000000000007,0.3000000000000007
Prevalence of anaemia in women of reproductive age (aged 15-49) (%) - non-pregnant/all women (combined),2016,27.65,,,27.35,2015.0,1.0,0.29999999999999716,0.29999999999999716
Prevalence of anaemia in women of reproductive age (aged 15-49) (%) - non-pregnant/all women (combined),2017,28.1,,,27.65,2016.0,1.0,0.45000000000000284,0.45000000000000284
Prevalence of anaemia in women of reproductive age (aged 15-49) (%) - non-pregnant/all women (combined),2018,28.5,,,28.1,2017.0,1.0,0.3999999999999986,0.3999999999999986
Prevalence of anaemia in women of reproductive age (aged 15-49) (%) - non-pregnant/all women (combined),2019,28.950000000000003,,,28.5,2018.0,1.0,0.45000000000000284,0.45000000000000284
Prevalence of anaemia in women of reproductive age (aged 15-49) (%) - non-pregnant/all women (combined),2020,29.5,,,28.950000000000003,2019.0,1.0,0.5499999999999972,0.5499999999999972
Prevalence of anaemia in women of reproductive age (aged 15-49) (%) - non-pregnant/all women (combined),2021,30.2,,,29.5,2020.0,1.0,0.6999999999999993,0.6999999999999993
Prevalence of anaemia in women of reproductive age (aged 15-49) (%) - non-pregnant/all women (combined),2022,31.0,,,30.2,2021.0,1.0,0.8000000000000007,0.8000000000000007
Prevalence of anaemia in women of reproductive age (aged 15-49) (%) - non-pregnant/all women (combined),2023,31.950000000000003,,,31.0,2022.0,1.0,0.9500000000000028,0.9500000000000028
Prevalence of anaemia in women of reproductive age (aged 15-49) (%) - pregnant women,2000,45.8,35.3,56.9,,,,,
Prevalence of anaemia in women of reproductive age (aged 15-49) (%) - pregnant women,2001,45.1,34.6,56.2,45.8,2000.0,1.0,-0.6999999999999957,-0.6999999999999957
Prevalence of anaemia in women of reproductive age (aged 15-49) (%) - pregnant women,2002,44.5,33.7,56.0,45.1,2001.0,1.0,-0.6000000000000014,-0.6000000000000014
Prevalence of anaemia in women of reproductive age (aged 15-49) (%) - pregnant women,2003,43.8,32.6,55.8,44.5,2002.0,1.0,-0.7000000000000028,-0.7000000000000028
Prevalence of anaemia in women of reproductive age (aged 15-49) (%) - pregnant women,2004,43.1,31.4,55.5,43.8,2003.0,1.0,-0.6999999999999957,-0.6999999999999957
Prevalence of anaemia in women of reproductive age (aged 15-49) (%) - pregnant women,2005,42.3,29.9,55.3,43.1,2004.0,1.0,-0.8000000000000043,-0.8000000000000043
Prevalence of anaemia in women of reproductive age (aged 15-49) (%) - pregnant women,2006,41.6,28.8,55.0,42.3,2005.0,1.0,-0.6999999999999957,-0.6999999999999957
Prevalence of anaemia in women of reproductive age (aged 15-49) (%) - pregnant women,2007,40.9,27.8,54.7,41.6,2006.0,1.0,-0.7000000000000028,-0.7000000000000028
Prevalence of anaemia in women of reproductive age (aged 15-49) (%) - pregnant women,2008,40.2,26.8,54.3,40.9,2007.0,1.0,-0.6999999999999957,-0.6999999999999957
Prevalence of anaemia in women of reproductive age (aged 15-49) (%) - pregnant women,2009,39.6,26.0,54.2,40.2,2008.0,1.0,-0.6000000000000014,-0.6000000000000014
Prevalence of anaemia in women of reproductive age (aged 15-49) (%) - pregnant women,2010,39.1,25.3,54.0,39.6,2009.0,1.0,-0.5,-0.5
Prevalence of anaemia in women of reproductive age (aged 15-49) (%) - pregnant women,2011,38.8,24.9,53.9,39.1,2010.0,1.0,-0.30000000000000426,-0.30000000000000426
Prevalence of anaemia in women of reproductive age (aged 15-49) (%) - pregnant women,2012,38.6,24.7,53.7,38.8,2011.0,1.0,-0.19999999999999574,-0.19999999999999574
Prevalence of anaemia in women of reproductive age (aged 15-49) (%) - pregnant women,2013,38.5,24.4,53.5,38.6,2012.0,1.0,-0.10000000000000142,-0.10000000000000142
Prevalence of anaemia in women of reproductive age (aged 15-49) (%) - pregnant women,2014,38.5,24.3,53.7,38.5,2013.0,1.0,0.0,0.0
Prevalence of anaemia in women of reproductive age (aged 15-49) (%) - pregnant women,2015,38.5,24.4,53.6,38.5,2014.0,1.0,0.0,0.0
Prevalence of anaemia in women of reproductive age (aged 15-49) (%) - pregnant women,2016,38.5,24.2,53.9,38.5,2015.0,1.0,0.0,0.0
Prevalence of anaemia in women of reproductive age (aged 15-49) (%) - pregnant women,2017,38.6,24.0,53.9,38.5,2016.0,1.0,0.10000000000000142,0.10000000000000142
Prevalence of anaemia in women of reproductive age (aged 15-49) (%) - pregnant women,2018,38.7,23.9,54.5,38.6,2017.0,1.0,0.10000000000000142,0.10000000000000142
Prevalence of anaemia in women of reproductive age (aged 15-49) (%) - pregnant women,2019,38.8,23.6,55.3,38.7,2018.0,1.0,0.09999999999999432,0.09999999999999432
Prevalence of anaemia in women of reproductive age (aged 15-49) (%) - pregnant women,2020,38.9,23.0,56.0,38.8,2019.0,1.0,0.10000000000000142,0.10000000000000142
Prevalence of anaemia in women of reproductive age (aged 15-49) (%) - pregnant women,2021,39.1,22.5,57.2,38.9,2020.0,1.0,0.20000000000000284,0.20000000000000284
Prevalence of anaemia in women of reproductive age (aged 15-49) (%) - pregnant women,2022,39.5,22.1,58.6,39.1,2021.0,1.0,0.3999999999999986,0.3999999999999986
Prevalence of anaemia in women of reproductive age (aged 15-49) (%) - pregnant women,2023,39.8,21.4,60.1,39.5,2022.0,1.0,0.29999999999999716,0.29999999999999716
Proportion of births delivered in a health facility (Facility births) (%),1993,44.1,,,,,,,
Proportion of births delivered in a health facility (Facility births) (%),1998,42.1,,,44.1,1993.0,5.0,-2.0,-0.4
Proportion of births delivered in a health facility (Facility births) (%),2003,40.1,,,42.1,1998.0,5.0,-2.0,-0.4
Proportion of births delivered in a health facility (Facility births) (%),2009,42.6,,,40.1,2003.0,6.0,2.5,0.4166666666666667
Proportion of births delivered in a health facility (Facility births) (%),2014,61.2,,,42.6,2009.0,5.0,18.6,3.72
Proportion of births delivered in a health facility (Facility births) (%),2016,67.2,,,61.2,2014.0,2.0,6.0,3.0
Proportion of births delivered in a health facility (Facility births) (%),2022,88.1,,,67.2,2016.0,6.0,20.89999999999999,3.483333333333332
